<?xml version="1.0" encoding="UTF-8"?>
<!DOCTYPE codetemplates PUBLIC "-//NetBeans//DTD Editor Code Templates settings 1.0//EN" "http://www.netbeans.org/dtds/EditorCodeTemplates-1_0.dtd">
<codetemplates>
    <codetemplate abbreviation="sufflcp" xml:space="preserve">
        <code><![CDATA[struct entry
{
    int nr[2];
    int p;
};

bool cmp(entry a,entry b)
{
    return a.nr[0]==b.nr[0]?(a.nr[1]<b.nr[1]):a.nr[0]<b.nr[0];
}

/**
 * Modified to return the lcp too. Runs in O(n(lgn)^2), requires O(n(lgn)) space. Assumes that the string consists of only lowercase English letters.
 * @param str The input string (of length n)
 * @return A pair of vectors - the suffix array (of size n) and the lcp array (of size n-1).
 */
pair<vi,vi> build(string str)
{
    int N=sz(str),i,stp,cnt;
    vvi P;
    vi P_temp(N);
    entry L[N];
    FOR(i,0,N) P_temp[i]=str[i]-'a';
    P.pb(P_temp);
    for(stp=1,cnt=1;cnt>>1<N;stp++,cnt<<=1)
    {
        FOR(i,0,N)
        {
            L[i].nr[0]=P_temp[i];
            L[i].nr[1]=i+cnt<N?P_temp[i+cnt]:-1;
            L[i].p=i;
        }
        sort(L,L+N,cmp);
        FOR(i,0,N) P_temp[L[i].p]=i>0&&L[i].nr[0]==L[i-1].nr[0]&&L[i].nr[1]==L[i-1].nr[1]?P_temp[L[i-1].p]:i;
        //the condition in the previous statement ensures that all identical substrings are assigned the same position
        //TIO - why is ensuring the above important?
        P.pb(P_temp);
    }
    vi suff(N);
    //constructing the suffix array from the position array, which we got from P
    FOR(i,0,N) suff[P[stp-1][i]]=i;
    vi lcp;
    FOR(i,1,N)
    {
        int x=suff[i-1],y=suff[i];
        int k,ret=0;
        for(k=stp-1;k>=0&&x<N&&y<N;k--)
            if (P[k][x]==P[k][y])
                x+=1<<k,y+=1<<k,ret+=1<<k;
        lcp.pb(ret);
    }
    return mp(suff,lcp);
}
]]></code>
    </codetemplate>
    <codetemplate abbreviation="dfs" xml:space="preserve">
        <code><![CDATA[/**
 * Runs Depth First Search through the given graph, starting at a given vertex s
 * @param G the graph
 * @param s the starting vertex (0-indexed)
 * @param vis the 'visited' vector: 0 => unvisited, 1=> visited
 * NOTE that G is the general *weighted* graph here. Add arbitrary weights for unweighted graphs.
 */
void dfs(TG &G,int s,vi &vis)
{
    //assumes that vis[s]=0
    vis[s]=1;
    int deg=sz(G[s]);
    int i;
    FOR(i,0,deg)
    {
        int v=G[s][i].first;
        if (vis[v]==0)
        {
            dfs(G,v,vis);
        }
    }
}
]]></code>
    </codetemplate>
    <codetemplate abbreviation="c2s" xml:space="preserve">
        <code><![CDATA[string char2str(char c)
{
    stringstream ss;
    string ans;
    ss<<c;
    ss>>ans;
    return ans;
}
]]></code>
    </codetemplate>
    <codetemplate abbreviation="sieve" xml:space="preserve">
        <code><![CDATA[vector<bool> sieve(int n)		//O(nloglogn)
{
    //ans[i]=true if i is prime
    vector<bool> ans(n+1,true);
    ans[0]=ans[1]=false;
    int i;
    int hi=(int)sqrt(n);
    FOR(i,2,hi+1)
    {
        if (ans[i]==true)
        {
            //i is prime
            int t=i*i;
            while (t<=n)
            {
                ans[t]=false;
                t+=i;
            }
        }
    }
    return ans;
}
]]></code>
    </codetemplate>
    <codetemplate abbreviation="mod" xml:space="preserve">
        <code><![CDATA[ll MOD=(ll) 1e9+7;

int addmod(int a,int b)
{
	ll t=(ll)a+b;
	if (t>=MOD) t=t%MOD;
	return t;
}

int submod(int a,int b)
{
    //assuming both a and b are positive and <MOD
    int t=a-b;
    t=t<0?t+MOD:t;
    return t;
}

int mulmod(int a,int b)
{
	ll t=(ll)a*b;
	if (t>=MOD) t=t%MOD;
	return t;
}


int epowmod(int a,int p)
{
	if (p==0) return 1;
	int t=epowmod(a,p/2);
	t=mulmod(t,t);
	if (p&1) t=mulmod(t,a);
	return t;
}
]]></code>
    </codetemplate>
    <codetemplate abbreviation="epow" xml:space="preserve">
        <code><![CDATA[int epow(int a,int p)
{
	if (p==0) return 1;
	int t=epow(a,p/2);
	t*=t;
	if (p&1) t*=a;
	return t;
}
]]></code>
    </codetemplate>
    <codetemplate abbreviation="sufflcprad" xml:space="preserve">
        <code><![CDATA[struct entry
{
    int nr[2];
    int p;
};

bool cmp(entry a,entry b)
{
    return a.nr[0]==b.nr[0]?(a.nr[1]<b.nr[1]):a.nr[0]<b.nr[0];
}

/**
 * Sorts a vector of pair of integers, giving preference to the first element of the pair. To be used to improve efficiency of construction of suffix array
 * @param arr The input vector
 * @param N The maximum value the vector might contain. It is assumed that all the elements are non-niegative.
 * @return The sorted vector.
 */
void radix_sort(vector<entry> &arr,int N)
{
    int i,j;
    int s=sz(arr);
    //sorting with respect to the second element first
    vi temp(N+1,0);
    FOR(i,0,s) arr[i].nr[1]++;
    vector<entry> arr2(s);
    FOR(i,0,s) temp[arr[i].nr[1]]++;
//    p(temp[0]);
    FOR(i,1,N+1) temp[i]+=temp[i-1];
    for(i=s-1;i>=0;i--) arr2[--temp[arr[i].nr[1]]]=arr[i];
//    assert(sz(arr2)==sz(arr));
//    FOR(i,0,s) printf("(%d,%d) ",arr2[i].first,arr2[i].second);
//    printf("\n");
    fill(all(temp),0);
    FOR(i,0,s) temp[arr2[i].nr[0]]++;
    FOR(i,1,N+1) temp[i]+=temp[i-1];
    for (i=s-1;i>=0;i--) arr[--temp[arr2[i].nr[0]]]=arr2[i];
//    FOR(i,0,s) printf("(%d,%d) ",arr3[i].first,arr3[i].second);
//    printf("\n");
//    FOR(i,0,s) arr[i].nr[1]--;
}

/**
 * Modified to return the lcp too. Runs in O(n(lgn)), requires O(n(lgn)) space. Assumes that the string consists of only lowercase English letters.
 * @param str The input string (of length n)
 * @return A pair of vectors - the suffix array (of size n) and the lcp array (of size n-1).
 */
pair<vi,vi> build(string &str)
{
    int N=sz(str),i,stp,cnt;
    vvi P;
    vi P_temp(N);
    vector<entry> L(N);
    FOR(i,0,N) P_temp[i]=str[i]-'-';
    P.pb(P_temp);
    int S=max(N,200);
    for(stp=1,cnt=1;cnt>>1<N;stp++,cnt<<=1)
    {
        FOR(i,0,N)
        {
            L[i].nr[0]=P_temp[i];
            L[i].nr[1]=i+cnt<N?P_temp[i+cnt]:-1;
            L[i].p=i;
        }
//        sort(all(L),cmp);
        radix_sort(L,S);
        FOR(i,0,N) P_temp[L[i].p]]]><![CDATA[=i>0&&L[i].nr[0]==L[i-1].nr[0]&&L[i].nr[1]==L[i-1].nr[1]?P_temp[L[i-1].p]:i;
        //the condition in the previous statement ensures that all identical substrings are assigned the same position
        //TIO - why is ensuring the above important?
        P.pb(P_temp);
    }
    vi suff(N);
    FOR(i,0,N) suff[P[stp-1][i]]=i;
    vi lcp;
    FOR(i,1,N)
    {
        int x=suff[i-1],y=suff[i];
        int k,ret=0;
        for(k=stp-1;k>=0&&x<N&&y<N;k--)
            if (P[k][x]==P[k][y])
                x+=1<<k,y+=1<<k,ret+=1<<k;
        lcp.pb(ret);
    }
    return mp(suff,lcp);
}
]]></code>
    </codetemplate>
    <codetemplate abbreviation="bfs" xml:space="preserve">
        <code><![CDATA[/**
 * Runs BFS through a given graph at the given starting point, and returns a vector of shortest distances
 * @param G The graph. Could be directed or undirected. The weights are ignored.
 * @param s The starting point.
 * @return A vector of shortest distances from the starting point, in terms of hop length.
 */
vi bfs(TG G,int s)
{
    int n=sz(G);
    queue<pii> q;
    
    vi vis(n,0);
    vi ans(n,INF);
    
    q.push(mp(s,0));
    vis[s]=1;
    
    while (!q.empty())
    {
        pii temp=q.front();
        q.pop();
        //elements in q will always have vis = 1 (set just before pushing them), so that a vertex is pushed into the queue at most once.
        int u=temp.first,num=temp.second;
        ans[u]=num;
        int deg=sz(G[u]);
        int i;
        FOR(i,0,deg)
        {
            int v=G[u][i].first;
            if (vis[v]==0)
            {
                vis[v]=1;
                q.push(mp(v,num+1));
            }
        }
    }
    return ans;
}
]]></code>
    </codetemplate>
    <codetemplate abbreviation="prims" xml:space="preserve">
        <code><![CDATA[/**
 * Runs Prim's algorithm on a given graph G, from the given starting point.
 * @param G The graph. Can be directed or undirected
 * @param r The starting point.
 * @return The minimum cost, and the MST in the form of a parent array.
 */
pair<int,vi> prims(TG G,int r)
{
    int n=sz(G);        //number of vertices
    //initialize
    vi pi(n,-1);
    vi key(n,INF);
    key[r]=0;
    set<pair<int,int> > q;
    q.insert(mp(0,r));
    int cost=0;
    while (!q.empty())
    {
        pair<int,int> temp=*q.begin();
        q.erase(q.begin());
        int d=temp.first;
        int u=temp.second;
        cost+=d;
        assert(d==key[u]);
        int deg=sz(G[u]);
        int i;
        FOR(i,0,deg)
        {
            int v=G[u][i].first;
            int w_uv=G[u][i].second;
            if (key[v]>w_uv)
            {
                if (key[v]!=INF)
                    q.erase(q.find(mp(key[v],v)));
                key[v]=w_uv;
                pi[v]=u;
                q.insert(mp(key[v],v));
            }
        }
    }
    return mp(cost,pi);
}
]]></code>
    </codetemplate>
    <codetemplate abbreviation="dijkstras" xml:space="preserve">
        <code><![CDATA[/**
 *runs Dijkstra's algorithm on the given graph, from the given starting point
 @param G a graph (directed or undirected). Assumes all weights are >=0.
 @param s the vertex from which the shortest paths are to be calculated
 @return a pair of int vectors d and pi each of size n- the length of the shortest path and the parent in the shortest-path tree respectively
 */
pair<vi,vi> dijkstras(TG &G,int s)
{
    int n=sz(G);        //the number of vertices
    set<pair<int,int> > q;       //the queue
    //initialization
    vi d(n,INF);
    vi pi(n,-1);
    d[s]=0;
    q.insert(mp(0,s));
	//the main loop
    while (!q.empty())
    {
        pair<int,int> temp=*q.begin();
        q.erase(q.begin());
        int u=temp.second;
        int d2=temp.first;
        assert(d[u]==d2);
        int deg=sz(G[u]);
        int i=0;
        FOR(i,0,deg)
        {
            int v=G[u][i].first;
            int w_uv=G[u][i].second;
            if (d[v]>d[u]+w_uv)
            {
                //the condition is important!
                if (d[v]!=INF)
                        q.erase(q.find(mp(d[v],v)));
                d[v]=d[u]+w_uv;
                pi[v]=u;
                q.insert(mp(d[v],v));
            }
        }
    }
    return mp(d,pi);
}
]]></code>
    </codetemplate>
    <codetemplate abbreviation="manachers" xml:space="preserve">
        <code><![CDATA[vi manachers(string s)
{
    //taken from http://leetcode.com/2011/11/longest-palindromic-substring-part-ii.html
    int n=sz(s),i;
    //preprocessing starts
    string t;
    if (n==0) t="^$";
    else
    {
        t="^";
        FOR(i,0,n) t+="#"+s.substr(i,1);
        t+="#$";
    }
    //preprocessing ends
    int C=0,R=0;
    n=sz(t);
    vi P(n);
    FOR(i,1,n)
    {
        int i_mirror=C+C-i;
        P[i]=i<R?min(P[i_mirror],R-i):0;
        while (t[i+P[i]+1]==t[i-P[i]-1]) P[i]++;
        if (i+P[i]>R)
        {
            R=i+P[i];
            C=i;
        }
    }
    return P;
}
]]></code>
    </codetemplate>
    <codetemplate abbreviation="suff" xml:space="preserve">
        <code><![CDATA[struct entry
{
    int nr[2];
    int p;
};

bool cmp(entry a,entry b)
{
    return a.nr[0]==b.nr[0]?(a.nr[1]<b.nr[1]):a.nr[0]<b.nr[0];
}

/**
 * Runs in O(n(lgn)^2), requires O(n) space. Assumes that the string consists of only lowercase English letters.
 * @param str The input string (of length n)
 * @return The suffix array.
 */
vector<int> build(string str)
{
    int N=sz(str),i,stp,cnt;
    vi P(N);
    entry L[N];
    FOR(i,0,N) P[i]=str[i]-'a';
    for(stp=1,cnt=1;cnt>>1<N;stp++,cnt<<=1)
    {
        FOR(i,0,N)
        {
            L[i].nr[0]=P[i];
            L[i].nr[1]=i+cnt<N?P[i+cnt]:-1;
            L[i].p=i;
        }
        sort(L,L+N,cmp);
        FOR(i,0,N) P[L[i].p]=i>0&&L[i].nr[0]==L[i-1].nr[0]&&L[i].nr[1]==L[i-1].nr[1]?P[L[i-1].p]:i;
        //the condition in the previous statement ensures that all identical substrings are assigned the same position
        //TIO - why is ensuring the above important?
    }
    vi suff(N);
    //constructing the suffix array from the position array, which we got from P
    FOR(i,0,N) suff[P[i]]=i;
    return suff;
}
]]></code>
    </codetemplate>
    <codetemplate abbreviation="fastio" xml:space="preserve">
        <code><![CDATA[
//need to include fstream, typedef unsigned long long to ull
//all inputs must be made using these functions; wont't work otherwise
//usage:
//FastInput fi; FastOutput fo;
//fi.getint(n);fi.putint(ans,'\n');
//Fast stdin class (my windows g++ doesn't have getchar_unlocked, so this will have to do)
class FastInput {
    public:
        FastInput();
        FastInput(const char *filename);
        inline void getint(int &n);
        inline void getstr(char k[]);
        inline void getlcstr(char k[]);
        inline void getnumstr(char k[]);
		inline void getull(ull &n);

        // No bars on the windows -- but these aren't really public
        inline void nextchar(char &c);
        inline void getmore();
        static const int BUFSIZE = 1<<16;
        static char buffer[];
        char *bufpos;
        char *bufend;
        bool debug_mode;
        ifstream mystream;
};

char FastInput::buffer[FastInput::BUFSIZE];

FastInput::FastInput() { debug_mode = false; getmore(); }

FastInput::FastInput(const char *filename) {
    debug_mode = true;
    mystream.open(filename);
    getmore();
}

inline void FastInput::getmore() {
    bufpos = buffer;
#ifdef ONLINE_JUDGE
    bufend = buffer + read(0, buffer, BUFSIZE);
#else
    if (debug_mode) {
        mystream.read(buffer,BUFSIZE);
        bufend = buffer + mystream.gcount();
    } else {
        cin.read(buffer,BUFSIZE);
        bufend = buffer + cin.gcount();
    }
#endif
}

inline void FastInput::nextchar(char &c) {
    c = *bufpos++;
    if (bufpos==bufend) getmore();
}

inline void FastInput::getint(int &n) {
    n = 0;
    register char ch;
    register char lch = ' ';
    nextchar(ch);
    while (ch < '0' || ch > '9') {
        lch = ch;
        nextchar(ch);
    }
    while (ch >= '0' && ch <= '9') {
        n=(n<<3)+(n<<1)+ch-'0';
        nextchar(ch);
    }
    if (lch=='-') n = -n;
}

inline void FastInput::getull(unsigned long long &n) {
    n = 0;
    register char ch;
    register char lch = ' ';
    nextchar(ch);
    while (ch < '0' || ch > '9') {
        lch = ch;
        nextchar(ch);
    }
    while (ch >= '0' && ch <= '9') {
        n=(n<<3)+(n<<1)+(ch-'0');
        nextchar(ch);
    }
    //if (lch=='-') n = -n;
}

inline void FastInput::getlcstr (char k[]) {
    register int cnt = 0;
    register char ch;
    nextchar(ch);
    while ( ch < 'a' || ch > 'z' ) nextchar(ch);
    while (ch >= 'a' && ch <= 'z') {
        k[cnt++] = ch;
        nextchar(ch);
    }
    k[cnt] = '\0';
}

inline void FastInput::getstr (char k[]) {
    register int cnt = 0;
    register char ch;
    nextchar(ch);
    while (( ch < 'a' || ch > 'z' ) &&
           ( ch < 'A' || ch > 'Z' )) nextchar(ch);
    while ((ch >= 'a' && ch <= 'z') ||
           (ch >= 'A' && ch <= 'Z')) {
        k[cnt++] = ch;
        nextchar(ch);
    }
    k[cnt] = '\0';
}

inline void FastInput::getnumstr (char k[]) {
    register int cnt = 0;
    register char ch;
    nextchar(ch);
    while ( ch < '0' || ch > '9' ) nextchar(ch);
    while (ch >= '0' && ch <= '9') {
        k[cnt++] = ch;
        nextchar(ch);
    }
    k[cnt] = '\0';
}

class FastOutput {
    public:
        FastOutput();
		~FastOutput() { flush(); }
		inline void wrchar(char c);
		inline void flush();
		inline void putint(int n,char c);
        inline void putstr(char *k);
		inline void putll(ll n, char c);
		inline void putull(ull n, char c);
		inline void putuint(unsigned int n, char c);

        // No bars on the windows -- but these aren't really public
        static const int BUFSIZE = 1<<16;
        static char buffer[];
        char *bufpos;
        char *bufend;
};

char FastOutput::buffer[FastOutput::BUFSIZE];

FastOutput::FastOutput() { bufpos = buffer; bufend = bufpos + BUFSIZE; }

inline void FastOutput::wrchar(char c) {
	*bufpos++ = c;
	if (bufpos == bufend) { flush(); }
}

inline void FastOutput::flush() {
	if (bufpos == buffer) { return; }
#ifdef ONLINE_JUDGE
    write(1, buffer, bufpos-buffer);
#else
	cout.write(buffer,bufpos-buffer);
#endif
	bufpos = buffer;
}

inline void FastOutput::putstr(char *k) {
	while (*k != 0) { wrchar(*k++); }
}

inline void FastOutput::putint(int n, char c) {
	char buf[32];
	char *bufptr;
	bufptr = buf + 31;
	*bufptr-- = 0;
	if (c > 0) { *bufptr-- = c; }
	if (n == 0) { *bufptr-- = '0'; }
	else if (n < 0) { *bufptr-- = '-'; n = -n; }
	else {
		while (n > 0) { int r = n % 10; *bufptr-- = '0'+r; n /= 10; }
	}
	putstr(++bufptr);
}


inline void FastOutput::putll(ll n, char c) {
	char buf[32];
	char *bufptr;
	bufptr = buf + 31;
	*bufptr-- = 0;
	if (c > 0) { *bufptr-- = c; }
	if (n == 0) { *bufptr-- = '0'; }
	else if (n < 0) { *bufptr-- = '-'; n = -n; }
	else {
		while (n > 0) { int r = n % 10; *bufptr-- = '0'+r; n /= 10; }
	}
	putstr(++bufptr);
}

inline void FastOutput::putull(ull n, char c) {
	char buf[32];
	char *bufptr;
	bufptr = buf + 31;
	*bufptr-- = 0;
	if (c > 0) { *bufptr-- = c; }
	if (n == 0) { *bufptr-- = '0'; }
	else {
		while (n > 0) { int r = n % 10; *bufptr-- = '0'+r; n /= 10; }
	}
	putstr(++bufptr);
}

inline void FastOutput::putuint(unsigned int n, char c) {
	char buf[32];
	char *bufptr;
	bufptr = buf + 31;
	*bufptr-- = 0;
	if (c > 0) { *bufptr-- = c; }
	if (n == 0) { *bufptr-- = '0'; }
	else {
		while (n > 0) { int r = n % 10; *bufptr-- = '0'+r; n /= 10; }
	}
	putstr(++bufptr);
}
]]></code>
    </codetemplate>
    <codetemplate abbreviation="bit" xml:space="preserve">
        <code><![CDATA[template<class T>
class BIT
{
      T *tree;
      int maxVal;
      public:
      BIT(int N)
      {
              tree = new T[N+1];
              memset(tree,0,sizeof(T)*(N+1));
              maxVal = N;
      }
      void update(int idx, T val)
      {
           while (idx <= maxVal)
           {
                 tree[idx] += val;
                 idx += (idx & -idx);
           }
      }
      //Returns the cumulative frequency of index idx
      T read(int idx)
      {
        T sum=0;
        while (idx>0)
        {
              sum += tree[idx];
              idx -= (idx & -idx);
        }
        return sum;
      }
};]]></code>
    </codetemplate>
    <codetemplate abbreviation="cod" xml:space="preserve">
        <code><![CDATA[#include <iostream>
#include <vector>
#include <cstdio>
#include <cstring>
#include <string>
#include <cmath>
#include <algorithm>
#include <utility>
#include <stack>
#include <sstream>
#include <list>
#include <map>
#include <queue>
#include <set>
#include <deque>
#include <bitset>
#include <functional>
#include <numeric>
#include <utility>
#include <iomanip>
#include <cmath>
#include <cstdlib>
#include <ctime>
#include <climits>
#include <cassert>

using namespace std;

#define FOR(i,a,b)				for (i=a;i<b;i++)
#define s(n)					scanf("%d",&n)
#define p(n)					printf("%d\n",n)
#define pl(n)					printf("%lld\n",n)
#define sd(n)					int n;scanf("%d",&n)
#define sl(n)					scanf("%lld",&n)
#define sld(n)					long long int n;scanf("%lld",&n)
#define pb(n)                                   push_back(n)
#define all(c)                                  (c).begin(),(c).end()
#define tr(container,it)                        for (typeof(container.begin()) it=container.begin();it!=container.end();it++ )
#define sz(a)                                   int((a).size())
#define clr(a)                                  memset(a,0,sizeof(a))
#define mp(a,b)                                 make_pair(a,b)
#define ps(str)                                 printf("%s\n",str)

#define INF                                     INT_MAX
#define UINF                                    UINT_MAX
#define INF_LL                                  LLONG_MAX
#define UINF_LL                                 ULLONG_MAX
#define PI 3.14159265358979323846

typedef long long ll;
typedef vector <int> vi;
typedef vector <vi> vvi;
typedef vector <string> vstr;
typedef pair<int,int> pii;
typedef vector<vector<pair<int,int> > > TG;

int main()
{
    sd(T);
    int t;
    int i,j;
    FOR(t,0,T)
    {
        ${cursor}
    }
}
]]></code>
    </codetemplate>
    <codetemplate abbreviation="radix" xml:space="preserve">
        <code><![CDATA[/**
 * Sorts a vector of pair of integers, giving preference to the first element of the pair. To be used to improve efficiency of construction of suffix array
 * @param arr The input vector
 * @param N The maximum value the vector might contain. It is assumed that all the elements are non-niegative.
 * @return The sorted vector.
 */
vector<pii> radix_sort(vector<pii> arr,int N)
{
    int i,j;
    int s=sz(arr);
    //sorting with respect to the second element first
    vector<vector<pii> > temp(N+1);
    vector<pii> arr2;
    FOR(i,0,s) temp[arr[i].second].pb(arr[i]);
    FOR(i,0,N+1) FOR(j,0,sz(temp[i])) arr2.pb(temp[i][j]);
    assert(sz(arr2)==sz(arr));
//    FOR(i,0,s) printf("(%d,%d) ",arr2[i].first,arr2[i].second);
//    printf("\n");
    vector<pii> arr3;
    temp.clear();temp.resize(N+1);
    FOR(i,0,s) temp[arr2[i].first].pb(arr2[i]);
    FOR(i,0,N+1) FOR(j,0,sz(temp[i])) arr3.pb(temp[i][j]);
//    FOR(i,0,s) printf("(%d,%d) ",arr3[i].first,arr3[i].second);
//    printf("\n");
}
]]></code>
    </codetemplate>
    <codetemplate abbreviation="i2s" xml:space="preserve">
        <code><![CDATA[string int2str(int n)
{
    stringstream ss;
    string ans;
    ss<<n;
    ss>>ans;
    return ans;
}
]]></code>
    </codetemplate>
    <codetemplate abbreviation="split" xml:space="preserve">
        <code><![CDATA[vector<string> &split(string &s, char delim, vector<string> &elems) {
    stringstream ss(s);
    string item;
    while(getline(ss, item, delim)) {
        elems.push_back(item);
    }
    return elems;
}


vector<string> split(string &s, char delim) {
    vector<string> elems;
    return split(s, delim, elems);
}
]]></code>
    </codetemplate>
    <codetemplate abbreviation="topcodk" xml:space="preserve">
        <code><![CDATA[#include <iostream>
#include <vector>
#include <cstdio>
#include <cstring>
#include <string>
#include <cmath>
#include <algorithm>
#include <utility>
#include <stack>
#include <sstream>
#include <list>
#include <map>
#include <queue>
#include <set>
#include <deque>
#include <bitset>
#include <functional>
#include <numeric>
#include <utility>
#include <iomanip>
#include <cmath>
#include <cstdlib>
#include <ctime>


using namespace std;

#define FOR(i,a,b)				for (i=a;i<b;i++)
#define s(n)					scanf("%d",&n)
#define p(n)					printf("%d\n",n)
#define pl(n)					printf("%lld\n",n)
#define sd(n)					int n;scanf("%d",&n)
#define sl(n)					scanf("%lld",&n)
#define sld(n)					long long int n;scanf("%lld",&n)
#define pb(n)                   push_back(n)

typedef long long ll;
typedef vector <int> row;
typedef vector <row> matrix;
typedef vector <string> vstr;

]]></code>
    </codetemplate>
    <codetemplate abbreviation="trim" xml:space="preserve">
        <code><![CDATA[inline std::string trim_right_copy(
  const std::string& s,
  const std::string& delimiters = " \f\n\r\t\v" )
{
  return s.substr( 0, s.find_last_not_of( delimiters ) + 1 );
}

inline std::string trim_left_copy(
  const std::string& s,
  const std::string& delimiters = " \f\n\r\t\v" )
{
  return s.substr( s.find_first_not_of( delimiters ) );
}

inline std::string trim_copy(
  const std::string& s,
  const std::string& delimiters = " \f\n\r\t\v" )
{
  return trim_left_copy( trim_right_copy( s, delimiters ), delimiters );
}
]]></code>
    </codetemplate>
    <codetemplate abbreviation="topcod" xml:space="preserve">
        <code><![CDATA[#include <iostream>
#include <vector>
#include <cstdio>
#include <cstring>
#include <string>
#include <cmath>
#include <algorithm>
#include <utility>
#include <stack>
#include <sstream>
#include <list>
#include <map>
#include <queue>
#include <set>
#include <deque>
#include <bitset>
#include <functional>
#include <numeric>
#include <utility>
#include <iomanip>
#include <cmath>
#include <cstdlib>
#include <ctime>


using namespace std;

#define FOR(i,a,b)				for (i=a;i<b;i++)
#define s(n)					scanf("%d",&n)
#define p(n)					printf("%d\n",n)
#define pl(n)					printf("%lld\n",n)
#define sd(n)					int n;scanf("%d",&n)
#define sl(n)					scanf("%lld",&n)
#define sld(n)					long long int n;scanf("%lld",&n)
#define pb(n)                   push_back(n)

typedef long long ll;
typedef vector <int> row;
typedef vector <row> matrix;
typedef vector <string> vstr;

class className{ 
public: 
    
  functionReturnType functionName(functionArguments)
  {
  }
};

//for testing
int main()
{
    className cls;
    int t=100;
    int i;
    FOR(i,0,t)
    {
    }
}
]]></code>
    </codetemplate>
    <codetemplate abbreviation="cf" xml:space="preserve">
        <code><![CDATA[#include <iostream>
#include <vector>
#include <cstdio>
#include <cstring>
#include <string>
#include <cmath>
#include <algorithm>
#include <utility>
#include <stack>
#include <sstream>
#include <list>
#include <map>
#include <queue>
#include <set>
#include <deque>
#include <bitset>
#include <functional>
#include <numeric>
#include <utility>
#include <iomanip>
#include <cmath>
#include <cstdlib>
#include <ctime>
#include <climits>
#include <cassert>

using namespace std;

#define FOR(i,a,b)				for (i=a;i<b;i++)
#define s(n)					scanf("%d",&n)
#define p(n)					printf("%d\n",n)
#define sd(n)					int n;scanf("%d",&n)
#define pb(n)                                   push_back(n)
#define clr(a)                                  memset(a,0,sizeof(a))
#define all(c)                                  (c).begin(),(c).end()
#define tr(container,it)                        for (typeof(container.begin()) it=container.begin();it!=container.end();it++ )
#define sz(a)                                   int((a).size())
#define mp(a,b)                                 make_pair(a,b)
#define ps(str)                                 printf("%s\n",str)

#define INF                                     INT_MAX
#define UINF                                    UINT_MAX
#define INF_LL                                  LLONG_MAX
#define UINF_LL                                 ULLONG_MAX
#define PI 3.14159265358979323846

typedef vector <int> vi;
typedef vector <vi> vvi;
typedef vector <string> vstr;
typedef long long ll;
typedef pair<int,int> pii;
typedef vector<vector<pair<int,int> > > TG;


int main()
{
    //File IO
//    freopen("input.txt","r",stdin);
//    freopen("output.txt","w",stdout);
    sd(n);
    int i,j;
    FOR(i,0,n)
    {
        ${cursor}
    }
}
]]></code>
    </codetemplate>
    <codetemplate abbreviation="parr" xml:space="preserve">
        <code><![CDATA[FOR(i,0,sz(${EXP default="arr_name"})) printf("%d ",${EXP}[i]); printf("\n");]]></code>
    </codetemplate>
    <codetemplate abbreviation="s2i" xml:space="preserve">
        <code><![CDATA[int str2int(string s)
{
    istringstream buffer(s);
    int ans;
    buffer>>ans;
    return ans;
}
]]></code>
    </codetemplate>
    <codetemplate abbreviation="gcd" xml:space="preserve">
        <code><![CDATA[int gcd(int a,int b)		//works for all cases - a>b,a=b,a<b
{
    if (b==0) return a;
    return gcd(b,a%b);
}
]]></code>
    </codetemplate>
</codetemplates>
