<?xml version="1.0" encoding="UTF-8"?>
<!DOCTYPE codetemplates PUBLIC "-//NetBeans//DTD Editor Code Templates settings 1.0//EN" "http://www.netbeans.org/dtds/EditorCodeTemplates-1_0.dtd">
<codetemplates>
    <codetemplate abbreviation="cod" xml:space="preserve">
        <code><![CDATA[#include <iostream>
#include <vector>
#include <cstdio>
#include <cstring>
#include <string>
#include <cmath>
#include <algorithm>
#include <utility>
#include <stack>
#include <sstream>
#include <list>
#include <map>
#include <queue>
#include <set>
#include <deque>
#include <bitset>
#include <functional>
#include <numeric>
#include <utility>
#include <iomanip>
#include <cmath>
#include <cstdlib>
#include <ctime>
#include <climits>

using namespace std;

#define FOR(i,a,b)				for (i=a;i<b;i++)
#define s(n)					scanf("%d",&n)
#define p(n)					printf("%d\n",n)
#define pl(n)					printf("%lld\n",n)
#define sd(n)					int n;scanf("%d",&n)
#define sl(n)					scanf("%lld",&n)
#define sld(n)					long long int n;scanf("%lld",&n)
#define pb(n)                                   push_back(n)
#define all(c)                                  (c).begin(),(c).end()
#define tr(container,it)                        for (typeof(container.begin()) it=container.begin();it!=container.end();it++ )
#define sz(a)                                   int((a).size())
#define clr(a)                                  memset(a,0,sizeof(a))
#define mp(a,b)                                 make_pair(a,b)

#define INF                                     LONG_MAX
#define UINF                                    ULONG_MAX
#define INF_LL                                  LLONG_MAX
#define UINF_LL                                 ULLONG_MAX

typedef long long ll;
typedef vector <int> vi;
typedef vector <vi> vvi;
typedef vector <string> vstr;

int main()
{
    sd(T);
    int t;
    int i,j;
    FOR(t,0,T)
    {
        ${cursor}
    }
}
]]></code>
    </codetemplate>
    <codetemplate abbreviation="char2str" xml:space="preserve">
        <code><![CDATA[string char2str(char c)
{
    stringstream ss;
    string ans;
    ss<<c;
    ss>>ans;
    return ans;
}
]]></code>
    </codetemplate>
    <codetemplate abbreviation="int2str" xml:space="preserve">
        <code><![CDATA[string int2str(int n)
{
    stringstream ss;
    string ans;
    ss<<n;
    ss>>ans;
    return ans;
}
]]></code>
    </codetemplate>
    <codetemplate abbreviation="epow" xml:space="preserve">
        <code><![CDATA[int epow(int a,int p)
{
	if (p==0) return 1;
	int t=epow(a,p/2);
	t*=t;
	if (p&1) t*=a;
	return t;
}
]]></code>
    </codetemplate>
    <codetemplate abbreviation="str2int" xml:space="preserve">
        <code><![CDATA[int str2int(string s)
{
    istringstream buffer(s);
    int ans;
    buffer>>ans;
    return ans;
}
]]></code>
    </codetemplate>
    <codetemplate abbreviation="split" xml:space="preserve">
        <code><![CDATA[vector<string> &split(string &s, char delim, vector<string> &elems) {
    stringstream ss(s);
    string item;
    while(getline(ss, item, delim)) {
        elems.push_back(item);
    }
    return elems;
}


vector<string> split(string &s, char delim) {
    vector<string> elems;
    return split(s, delim, elems);
}
]]></code>
    </codetemplate>
    <codetemplate abbreviation="topcodk" xml:space="preserve">
        <code><![CDATA[#include <iostream>
#include <vector>
#include <cstdio>
#include <cstring>
#include <string>
#include <cmath>
#include <algorithm>
#include <utility>
#include <stack>
#include <sstream>
#include <list>
#include <map>
#include <queue>
#include <set>
#include <deque>
#include <bitset>
#include <functional>
#include <numeric>
#include <utility>
#include <iomanip>
#include <cmath>
#include <cstdlib>
#include <ctime>


using namespace std;

#define FOR(i,a,b)				for (i=a;i<b;i++)
#define s(n)					scanf("%d",&n)
#define p(n)					printf("%d\n",n)
#define pl(n)					printf("%lld\n",n)
#define sd(n)					int n;scanf("%d",&n)
#define sl(n)					scanf("%lld",&n)
#define sld(n)					long long int n;scanf("%lld",&n)
#define pb(n)                   push_back(n)

typedef long long ll;
typedef vector <int> row;
typedef vector <row> matrix;
typedef vector <string> vstr;

]]></code>
    </codetemplate>
    <codetemplate abbreviation="trim" xml:space="preserve">
        <code><![CDATA[inline std::string trim_right_copy(
  const std::string& s,
  const std::string& delimiters = " \f\n\r\t\v" )
{
  return s.substr( 0, s.find_last_not_of( delimiters ) + 1 );
}

inline std::string trim_left_copy(
  const std::string& s,
  const std::string& delimiters = " \f\n\r\t\v" )
{
  return s.substr( s.find_first_not_of( delimiters ) );
}

inline std::string trim_copy(
  const std::string& s,
  const std::string& delimiters = " \f\n\r\t\v" )
{
  return trim_left_copy( trim_right_copy( s, delimiters ), delimiters );
}
]]></code>
    </codetemplate>
    <codetemplate abbreviation="topcod" xml:space="preserve">
        <code><![CDATA[#include <iostream>
#include <vector>
#include <cstdio>
#include <cstring>
#include <string>
#include <cmath>
#include <algorithm>
#include <utility>
#include <stack>
#include <sstream>
#include <list>
#include <map>
#include <queue>
#include <set>
#include <deque>
#include <bitset>
#include <functional>
#include <numeric>
#include <utility>
#include <iomanip>
#include <cmath>
#include <cstdlib>
#include <ctime>


using namespace std;

#define FOR(i,a,b)				for (i=a;i<b;i++)
#define s(n)					scanf("%d",&n)
#define p(n)					printf("%d\n",n)
#define pl(n)					printf("%lld\n",n)
#define sd(n)					int n;scanf("%d",&n)
#define sl(n)					scanf("%lld",&n)
#define sld(n)					long long int n;scanf("%lld",&n)
#define pb(n)                   push_back(n)

typedef long long ll;
typedef vector <int> row;
typedef vector <row> matrix;
typedef vector <string> vstr;

class className{ 
public: 
    
  functionReturnType functionName(functionArguments)
  {
  }
};

//for testing
int main()
{
    className cls;
    int t=100;
    int i;
    FOR(i,0,t)
    {
    }
}
]]></code>
    </codetemplate>
    <codetemplate abbreviation="cf" xml:space="preserve">
        <code><![CDATA[#include <iostream>
#include <vector>
#include <cstdio>
#include <cstring>
#include <string>
#include <cmath>
#include <algorithm>
#include <utility>
#include <stack>
#include <sstream>
#include <list>
#include <map>
#include <queue>
#include <set>
#include <deque>
#include <bitset>
#include <functional>
#include <numeric>
#include <utility>
#include <iomanip>
#include <cmath>
#include <cstdlib>
#include <ctime>
#include <climits>

using namespace std;

#define FOR(i,a,b)				for (i=a;i<b;i++)
#define s(n)					scanf("%d",&n)
#define p(n)					printf("%d\n",n)
#define sd(n)					int n;scanf("%d",&n)
#define pb(n)                                   push_back(n)
#define clr(a)                                  memset(a,0,sizeof(a))
#define all(c)                                  (c).begin(),(c).end()
#define tr(container,it)                        for (typeof(container.begin()) it=container.begin();it!=container.end();it++ )
#define sz(a)                                   int((a).size())
#define mp(a,b)                                 make_pair(a,b)

#define INF                                     LONG_MAX
#define UINF                                    ULONG_MAX
#define INF_LL                                  LLONG_MAX
#define UINF_LL                                 ULLONG_MAX

typedef vector <int> vi;
typedef vector <vi> vvi;
typedef vector <string> vstr;
typedef long long ll;

int main()
{
    //File IO
//    freopen("input.txt","r",stdin);
//    freopen("output.txt","w",stdout);
    sd(n);
    int i;
    FOR(i,0,n)
    {
        ${cursor}
    }
}
]]></code>
    </codetemplate>
    <codetemplate abbreviation="gcd" xml:space="preserve">
        <code><![CDATA[int gcd(int a,int b)		//works for all cases - a>b,a=b,a<b
{
    if (b==0) return a;
    return gcd(b,a%b);
}
]]></code>
    </codetemplate>
</codetemplates>
